--
-- This script was generated by Valentina Studio
-- Application homepage: http://www.valentina-db.com/
--

BEGIN TRANSACTION;

-- CREATE TABLE "Promotion" ------------------------------------
CREATE TABLE [dbo].[Promotion] ( 
	[Id] INT IDENTITY ( 1, 1 )  NOT NULL, 
	[Name] NVARCHAR( 200 ) NOT NULL, 
	[StartDate] DATETIME NULL, 
	[StartTime] DATETIME NULL, 
	[EndDate] DATETIME NULL, 
	[EndTime] DATETIME NULL, 
	[DaysOfWeek] INT NOT NULL, 
	[IsEnabled] BIT DEFAULT '((1))' NOT NULL,
	PRIMARY KEY ( [Id] ) )
GO;
-- -------------------------------------------------------------

COMMIT TRANSACTION;
GO

BEGIN TRANSACTION;

-- CREATE TABLE "Barcode" --------------------------------------
CREATE TABLE [dbo].[Barcode] ( 
	[Id] INT IDENTITY ( 1, 1 )  NOT NULL, 
	[ProductId] INT NOT NULL, 
	[Value] VARCHAR( 128 ) NOT NULL,
	PRIMARY KEY ( [Id] ) )
GO;
-- -------------------------------------------------------------

COMMIT TRANSACTION;
GO

BEGIN TRANSACTION;

-- CREATE TABLE "ApplicationProperty" --------------------------
CREATE TABLE [dbo].[ApplicationProperty] ( 
	[Name] VARCHAR( 100 ) NOT NULL, 
	[Value] NVARCHAR( 500 ) NULL,
	PRIMARY KEY ( [Name] ) )
GO;
-- -------------------------------------------------------------

COMMIT TRANSACTION;
GO

BEGIN TRANSACTION;

-- CREATE TABLE "FloorPlan" ------------------------------------
CREATE TABLE [dbo].[FloorPlan] ( 
	[Id] INT IDENTITY ( 1, 1 )  NOT NULL, 
	[Name] NVARCHAR( 100 ) NOT NULL, 
	[Color] VARCHAR( 100 ) DEFAULT 'Transparent' NOT NULL,
	PRIMARY KEY ( [Id] ) )
GO;
-- -------------------------------------------------------------

COMMIT TRANSACTION;
GO

BEGIN TRANSACTION;

-- CREATE TABLE "ProductComment" -------------------------------
CREATE TABLE [dbo].[ProductComment] ( 
	[Id] INT IDENTITY ( 1, 1 )  NOT NULL, 
	[ProductId] INT NOT NULL, 
	[Comment] NVARCHAR( 300 ) NOT NULL,
	PRIMARY KEY ( [Id] ) )
GO;
-- -------------------------------------------------------------

COMMIT TRANSACTION;
GO

BEGIN TRANSACTION;

-- CREATE TABLE "PosOrderItem" ---------------------------------
CREATE TABLE [dbo].[PosOrderItem] ( 
	[Id] INT IDENTITY ( 1, 1 )  NOT NULL, 
	[PosOrderId] INT NOT NULL, 
	[ProductId] INT NOT NULL, 
	[RoundNumber] INT DEFAULT '((0))' NOT NULL, 
	[Quantity] FLOAT NOT NULL, 
	[Price] FLOAT NOT NULL, 
	[IsLocked] BIT DEFAULT '((0))' NOT NULL, 
	[Discount] FLOAT DEFAULT '((0))' NOT NULL, 
	[DiscountType] INT DEFAULT '((0))' NOT NULL, 
	[IsFeatured] BIT DEFAULT '((0))' NOT NULL, 
	[VoidedBy] INT NULL, 
	[Comment] NVARCHAR( max ) NULL, 
	[DateCreated] DATETIME NOT NULL, 
	[Bundle] VARCHAR( 50 ) NULL,
	PRIMARY KEY ( [Id] ) )
GO;
-- -------------------------------------------------------------

COMMIT TRANSACTION;
GO

BEGIN TRANSACTION;

-- CREATE TABLE "PosPrinterSelection" --------------------------
CREATE TABLE [dbo].[PosPrinterSelection] ( 
	[Id] INT IDENTITY ( 1, 1 )  NOT NULL, 
	[CashRegisterId] INT NOT NULL, 
	[Key] VARCHAR( 100 ) NOT NULL, 
	[PrinterName] VARCHAR( 200 ) NULL, 
	[IsEnabled] BIT DEFAULT '((0))' NOT NULL,
	PRIMARY KEY ( [Id] ), 
	CONSTRAINT [UK_PosPrinterSelection_Key] UNIQUE ( [Key], [CashRegisterId] ) )
GO;
-- -------------------------------------------------------------

COMMIT TRANSACTION;
GO

BEGIN TRANSACTION;

-- CREATE TABLE "Document" -------------------------------------
CREATE TABLE [dbo].[Document] ( 
	[Id] INT IDENTITY ( 1, 1 )  NOT NULL, 
	[Number] VARCHAR( 50 ) NOT NULL, 
	[UserId] INT NOT NULL, 
	[CustomerId] INT NULL, 
	[CashRegisterId] INT NULL, 
	[OrderNumber] VARCHAR( 100 ) NULL, 
	[Date] DATE NOT NULL, 
	[StockDate] DATETIME NOT NULL, 
	[Total] FLOAT NOT NULL, 
	[IsClockedOut] BIT DEFAULT '((0))' NOT NULL, 
	[DocumentTypeId] INT NOT NULL, 
	[WarehouseId] INT NOT NULL, 
	[ReferenceDocumentNumber] VARCHAR( 100 ) NULL, 
	[InternalNote] NVARCHAR( 500 ) NULL, 
	[Note] NVARCHAR( 500 ) NULL, 
	[DueDate] DATE NULL, 
	[Discount] FLOAT DEFAULT '((0))' NOT NULL, 
	[DiscountType] INT DEFAULT '((0))' NOT NULL, 
	[PaidStatus] INT DEFAULT '((0))' NOT NULL, 
	[DateCreated] DATETIME NOT NULL, 
	[DateUpdated] DATETIME NOT NULL, 
	[DiscountApplyRule] INT DEFAULT '((0))' NOT NULL,
	PRIMARY KEY ( [Id] ) )
GO;
-- -------------------------------------------------------------

COMMIT TRANSACTION;
GO

BEGIN TRANSACTION;

-- CREATE TABLE "Country" --------------------------------------
CREATE TABLE [dbo].[Country] ( 
	[Id] INT IDENTITY ( 1, 1 )  NOT NULL, 
	[Name] NVARCHAR( 100 ) NOT NULL, 
	[Code] VARCHAR( 10 ) NULL,
	PRIMARY KEY ( [Id] ) )
GO;
-- -------------------------------------------------------------

COMMIT TRANSACTION;
GO

BEGIN TRANSACTION;

-- CREATE TABLE "PosOrder" -------------------------------------
CREATE TABLE [dbo].[PosOrder] ( 
	[Id] INT IDENTITY ( 1, 1 )  NOT NULL, 
	[UserId] INT NULL, 
	[Number] NVARCHAR( 100 ) NOT NULL, 
	[Discount] FLOAT DEFAULT '((0))' NOT NULL, 
	[DiscountType] INT DEFAULT '((0))' NOT NULL, 
	[Total] FLOAT DEFAULT '((0))' NOT NULL,
	PRIMARY KEY ( [Id] ) )
GO;
-- -------------------------------------------------------------

COMMIT TRANSACTION;
GO

BEGIN TRANSACTION;

-- CREATE TABLE "CustomerDiscount" -----------------------------
CREATE TABLE [dbo].[CustomerDiscount] ( 
	[Id] INT IDENTITY ( 1, 1 )  NOT NULL, 
	[CustomerId] INT NOT NULL, 
	[Type] INT DEFAULT '((0))' NOT NULL, 
	[Uid] INT NOT NULL, 
	[Value] FLOAT DEFAULT '((0))' NOT NULL,
	PRIMARY KEY ( [Id] ), 
	CONSTRAINT [IX_CustomerDiscount_Type_EntityId] UNIQUE ( [CustomerId], [Type], [Uid] ) )
GO;
-- -------------------------------------------------------------

COMMIT TRANSACTION;
GO

BEGIN TRANSACTION;

-- CREATE TABLE "CashRegister" ---------------------------------
CREATE TABLE [dbo].[CashRegister] ( 
	[Id] INT IDENTITY ( 1, 1 )  NOT NULL, 
	[Name] NVARCHAR( 50 ) NOT NULL,
	PRIMARY KEY ( [Id] ) )
GO;
-- -------------------------------------------------------------

COMMIT TRANSACTION;
GO

BEGIN TRANSACTION;

-- CREATE TABLE "User" -----------------------------------------
CREATE TABLE [dbo].[User] ( 
	[Id] INT IDENTITY ( 1, 1 )  NOT NULL, 
	[FirstName] NVARCHAR( 100 ) NOT NULL, 
	[LastName] NVARCHAR( 100 ) NULL, 
	[Email] VARCHAR( 100 ) NULL, 
	[AccessLevel] INT DEFAULT '((0))' NOT NULL, 
	[Username] NVARCHAR( 100 ) NULL, 
	[Password] VARBINARY( 500 ) NOT NULL, 
	[IsEnabled] BIT DEFAULT '((1))' NOT NULL,
	PRIMARY KEY ( [Id] ) )
GO;
-- -------------------------------------------------------------

COMMIT TRANSACTION;
GO

BEGIN TRANSACTION;

-- CREATE TABLE "Company" --------------------------------------
CREATE TABLE [dbo].[Company] ( 
	[Id] INT IDENTITY ( 1, 1 )  NOT NULL, 
	[Name] NVARCHAR( 300 ) NOT NULL, 
	[Address] NVARCHAR( 500 ) NULL, 
	[PostalCode] VARCHAR( 100 ) NULL, 
	[City] NVARCHAR( 100 ) NULL, 
	[CountryId] INT NULL, 
	[TaxNumber] VARCHAR( 50 ) NULL, 
	[Email] VARCHAR( 100 ) NULL, 
	[PhoneNumber] VARCHAR( 200 ) NULL, 
	[Logo] IMAGE NULL, 
	[BankAccountNumber] VARCHAR( 200 ) NULL, 
	[BankDetails] VARCHAR( 300 ) NULL,
	PRIMARY KEY ( [Id] ) )
GO;
-- -------------------------------------------------------------

COMMIT TRANSACTION;
GO

BEGIN TRANSACTION;

-- CREATE TABLE "ZReport" --------------------------------------
CREATE TABLE [dbo].[ZReport] ( 
	[Id] INT IDENTITY ( 1, 1 )  NOT NULL, 
	[CashRegisterId] INT NOT NULL, 
	[Number] INT NOT NULL, 
	[FromDocumentId] INT NOT NULL, 
	[ToDocumentId] INT NOT NULL, 
	[DateCreated] DATETIME NOT NULL,
	PRIMARY KEY ( [Id] ) )
GO;
-- -------------------------------------------------------------

COMMIT TRANSACTION;
GO

BEGIN TRANSACTION;

-- CREATE TABLE "FloorPlanTable" -------------------------------
CREATE TABLE [dbo].[FloorPlanTable] ( 
	[Id] INT IDENTITY ( 1, 1 )  NOT NULL, 
	[Name] NVARCHAR( 100 ) NOT NULL, 
	[FloorPlanId] INT NOT NULL, 
	[PositionX] FLOAT DEFAULT '((0))' NOT NULL, 
	[PositionY] FLOAT DEFAULT '((0))' NOT NULL, 
	[Width] FLOAT NOT NULL, 
	[Height] FLOAT NOT NULL, 
	[IsRound] BIT DEFAULT '((0))' NOT NULL,
	PRIMARY KEY ( [Id] ) )
GO;
-- -------------------------------------------------------------

COMMIT TRANSACTION;
GO

BEGIN TRANSACTION;

-- CREATE TABLE "DocumentItem" ---------------------------------
CREATE TABLE [dbo].[DocumentItem] ( 
	[Id] INT IDENTITY ( 1, 1 )  NOT NULL, 
	[DocumentId] INT NOT NULL, 
	[ProductId] INT NOT NULL, 
	[Quantity] FLOAT DEFAULT '((0))' NOT NULL, 
	[ExpectedQuantity] FLOAT DEFAULT '((0))' NOT NULL, 
	[PriceBeforeTax] FLOAT DEFAULT '((0))' NOT NULL, 
	[Discount] FLOAT DEFAULT '((0))' NOT NULL, 
	[DiscountType] INT DEFAULT '((0))' NOT NULL, 
	[Price] FLOAT NOT NULL, 
	[ProductCost] FLOAT DEFAULT '((0))' NOT NULL, 
	[PriceAfterDiscount] FLOAT DEFAULT '((0))' NOT NULL, 
	[Total] FLOAT DEFAULT '((0))' NOT NULL, 
	[PriceBeforeTaxAfterDiscount] FLOAT DEFAULT '((0))' NOT NULL, 
	[TotalAfterDocumentDiscount] FLOAT DEFAULT '((0))' NOT NULL, 
	[DiscountApplyRule] INT DEFAULT '((0))' NOT NULL,
	PRIMARY KEY ( [Id] ) )
GO;
-- -------------------------------------------------------------

COMMIT TRANSACTION;
GO

BEGIN TRANSACTION;

-- CREATE TABLE "ProductGroup" ---------------------------------
CREATE TABLE [dbo].[ProductGroup] ( 
	[Id] INT IDENTITY ( 1, 1 )  NOT NULL, 
	[Name] NVARCHAR( 100 ) NOT NULL, 
	[ParentGroupId] INT NULL, 
	[Color] VARCHAR( 50 ) DEFAULT 'Transparent' NOT NULL, 
	[Image] IMAGE NULL, 
	[Rank] INT DEFAULT '((0))' NOT NULL,
	PRIMARY KEY ( [Id] ) )
GO;
-- -------------------------------------------------------------

COMMIT TRANSACTION;
GO

BEGIN TRANSACTION;

-- CREATE TABLE "Migration" ------------------------------------
CREATE TABLE [dbo].[Migration] ( 
	[ID] INT IDENTITY ( 1, 1 )  NOT NULL, 
	[Version] VARCHAR( 20 ) NOT NULL, 
	[Description] VARCHAR( 200 ) NULL, 
	[FileName] VARCHAR( 100 ) NULL, 
	[Module] VARCHAR( 100 ) NULL, 
	[Date] DATETIME NOT NULL,
	PRIMARY KEY ( [ID] ) )
GO;
-- -------------------------------------------------------------

COMMIT TRANSACTION;
GO

BEGIN TRANSACTION;

-- CREATE TABLE "Stock" ----------------------------------------
CREATE TABLE [dbo].[Stock] ( 
	[Id] INT IDENTITY ( 1, 1 )  NOT NULL, 
	[ProductId] INT NOT NULL, 
	[WarehouseId] INT NOT NULL, 
	[Quantity] FLOAT NOT NULL,
	PRIMARY KEY ( [Id] ) )
GO;
-- -------------------------------------------------------------

COMMIT TRANSACTION;
GO

BEGIN TRANSACTION;

-- CREATE TABLE "Tax" ------------------------------------------
CREATE TABLE [dbo].[Tax] ( 
	[Id] INT IDENTITY ( 1, 1 )  NOT NULL, 
	[Name] NVARCHAR( 30 ) NOT NULL, 
	[Rate] DECIMAL( 18, 4 ) DEFAULT '((0))' NULL, 
	[Code] VARCHAR( 10 ) NULL, 
	[IsFixed] BIT DEFAULT '((0))' NOT NULL, 
	[IsTaxOnTotal] BIT DEFAULT '((0))' NOT NULL, 
	[IsEnabled] BIT DEFAULT '((1))' NOT NULL, 
	[Amount] FLOAT DEFAULT '((0))' NOT NULL,
	PRIMARY KEY ( [Id] ) )
GO;
-- -------------------------------------------------------------

COMMIT TRANSACTION;
GO

BEGIN TRANSACTION;

-- CREATE TABLE "PosPrinterSelectionSettings" ------------------
CREATE TABLE [dbo].[PosPrinterSelectionSettings] ( 
	[Id] INT IDENTITY ( 1, 1 )  NOT NULL, 
	[PosPrinterSelectionId] INT NOT NULL, 
	[PaperWidth] INT DEFAULT '((32))' NOT NULL, 
	[Header] NVARCHAR( 300 ) NULL, 
	[Footer] NVARCHAR( 300 ) NULL, 
	[FeedLines] INT DEFAULT '((0))' NOT NULL, 
	[CutPaper] BIT DEFAULT '((1))' NOT NULL, 
	[PrintBitmap] BIT DEFAULT '((0))' NOT NULL, 
	[OpenCashDrawer] BIT DEFAULT '((1))' NOT NULL, 
	[CashDrawerCommand] VARCHAR( 100 ) NULL, 
	[HeaderAlignment] INT DEFAULT '((0))' NOT NULL, 
	[FooterAlignment] INT DEFAULT '((0))' NOT NULL, 
	[IsFormattingEnabled] BIT DEFAULT '((1))' NOT NULL, 
	[PrinterType] INT DEFAULT '((0))' NOT NULL, 
	[NumberOfCopies] INT DEFAULT '((1))' NOT NULL, 
	[CodePage] INT DEFAULT '((-1))' NOT NULL, 
	[CharacterSet] INT DEFAULT '((-1))' NOT NULL, 
	[Margin] INT DEFAULT '((0))' NOT NULL, 
	[LeftMargin] FLOAT DEFAULT '((0))' NOT NULL, 
	[TopMargin] FLOAT DEFAULT '((0))' NOT NULL, 
	[RightMargin] FLOAT DEFAULT '((0))' NOT NULL, 
	[BottomMargin] FLOAT DEFAULT '((0))' NOT NULL, 
	[PrintBarcode] BIT DEFAULT '((1))' NOT NULL, 
	[FontName] NVARCHAR( 300 ) NULL, 
	[FontSizePercent] FLOAT DEFAULT '((100.0))' NOT NULL,
	PRIMARY KEY ( [Id] ) )
GO;
-- -------------------------------------------------------------

COMMIT TRANSACTION;
GO

BEGIN TRANSACTION;

-- CREATE TABLE "Customer" -------------------------------------
CREATE TABLE [dbo].[Customer] ( 
	[Id] INT IDENTITY ( 1, 1 )  NOT NULL, 
	[Code] VARCHAR( 50 ) NULL, 
	[Name] NVARCHAR( 300 ) NOT NULL, 
	[TaxNumber] VARCHAR( 50 ) NULL, 
	[Address] NVARCHAR( 300 ) NULL, 
	[PostalCode] VARCHAR( 10 ) NULL, 
	[City] NVARCHAR( 100 ) NULL, 
	[CountryId] INT NULL, 
	[Email] NVARCHAR( 100 ) NULL, 
	[PhoneNumber] NVARCHAR( 100 ) NULL, 
	[IsEnabled] BIT DEFAULT '((1))' NOT NULL, 
	[IsCustomer] BIT DEFAULT '((1))' NOT NULL, 
	[IsSupplier] BIT DEFAULT '((1))' NOT NULL, 
	[DueDatePeriod] INT DEFAULT '((0))' NOT NULL, 
	[DateCreated] DATETIME NOT NULL, 
	[DateUpdated] DATETIME NOT NULL,
	PRIMARY KEY ( [Id] ) )
GO;
-- -------------------------------------------------------------

COMMIT TRANSACTION;
GO

BEGIN TRANSACTION;

-- CREATE TABLE "Counter" --------------------------------------
CREATE TABLE [dbo].[Counter] ( 
	[Name] VARCHAR( 100 ) NOT NULL, 
	[Value] INT NOT NULL,
	PRIMARY KEY ( [Name] ) )
GO;
-- -------------------------------------------------------------

COMMIT TRANSACTION;
GO

BEGIN TRANSACTION;

-- CREATE TABLE "FiscalItem" -----------------------------------
CREATE TABLE [dbo].[FiscalItem] ( 
	[PLU] INT NOT NULL, 
	[Name] VARCHAR( 100 ) NOT NULL, 
	[TaxCode] VARCHAR( 10 ) NOT NULL,
	PRIMARY KEY ( [PLU] ) )
GO;
-- -------------------------------------------------------------

COMMIT TRANSACTION;
GO

BEGIN TRANSACTION;

-- CREATE TABLE "LoyaltyCard" ----------------------------------
CREATE TABLE [dbo].[LoyaltyCard] ( 
	[Id] INT IDENTITY ( 1, 1 )  NOT NULL, 
	[CustomerId] INT NOT NULL, 
	[CardNumber] VARCHAR( 100 ) NOT NULL,
	PRIMARY KEY ( [Id] ) )
GO;
-- -------------------------------------------------------------

COMMIT TRANSACTION;
GO

BEGIN TRANSACTION;

-- CREATE TABLE "ProductTax" -----------------------------------
CREATE TABLE [dbo].[ProductTax] ( 
	[ProductId] INT NOT NULL, 
	[TaxId] INT NOT NULL,
	PRIMARY KEY ( [ProductId], [TaxId] ) )
GO;
-- -------------------------------------------------------------

COMMIT TRANSACTION;
GO

BEGIN TRANSACTION;

-- CREATE TABLE "PromotionItem" --------------------------------
CREATE TABLE [dbo].[PromotionItem] ( 
	[Id] INT IDENTITY ( 1, 1 )  NOT NULL, 
	[PromotionId] INT NOT NULL, 
	[Uid] INT NOT NULL, 
	[DiscountType] INT DEFAULT '((0))' NOT NULL, 
	[PriceType] INT DEFAULT '((0))' NOT NULL, 
	[Value] FLOAT DEFAULT '((0))' NOT NULL, 
	[IsConditional] BIT DEFAULT '((1))' NOT NULL, 
	[Quantity] FLOAT DEFAULT '((0))' NOT NULL, 
	[ConditionType] INT DEFAULT '((0))' NOT NULL, 
	[QuantityLimit] FLOAT DEFAULT '((0))' NOT NULL,
	PRIMARY KEY ( [Id] ) )
GO;
-- -------------------------------------------------------------

COMMIT TRANSACTION;
GO

BEGIN TRANSACTION;

-- CREATE TABLE "SecurityKey" ----------------------------------
CREATE TABLE [dbo].[SecurityKey] ( 
	[Name] VARCHAR( 50 ) NOT NULL, 
	[Level] INT DEFAULT '((0))' NOT NULL,
	PRIMARY KEY ( [Name] ) )
GO;
-- -------------------------------------------------------------

COMMIT TRANSACTION;
GO

BEGIN TRANSACTION;

-- CREATE TABLE "Warehouse" ------------------------------------
CREATE TABLE [dbo].[Warehouse] ( 
	[Id] INT IDENTITY ( 1, 1 )  NOT NULL, 
	[Name] NVARCHAR( 100 ) NOT NULL,
	PRIMARY KEY ( [Id] ) )
GO;
-- -------------------------------------------------------------

COMMIT TRANSACTION;
GO

BEGIN TRANSACTION;

-- CREATE TABLE "DocumentCategory" -----------------------------
CREATE TABLE [dbo].[DocumentCategory] ( 
	[Id] INT IDENTITY ( 1, 1 )  NOT NULL, 
	[Name] VARCHAR( 100 ) NOT NULL, 
	[LanguageKey] VARCHAR( 100 ) NULL,
	PRIMARY KEY ( [Id] ) )
GO;
-- -------------------------------------------------------------

COMMIT TRANSACTION;
GO

BEGIN TRANSACTION;

-- CREATE TABLE "Payment" --------------------------------------
CREATE TABLE [dbo].[Payment] ( 
	[Id] INT IDENTITY ( 1, 1 )  NOT NULL, 
	[DocumentId] INT NOT NULL, 
	[PaymentTypeId] INT NOT NULL, 
	[Amount] FLOAT DEFAULT '((0))' NOT NULL, 
	[Date] DATE NULL,
	PRIMARY KEY ( [Id] ) )
GO;
-- -------------------------------------------------------------

-- CREATE INDEX "IX_Payment_DocumentId" ------------------------
CREATE  INDEX [IX_Payment_DocumentId] ON [dbo].[Payment]( [DocumentId] ASC )
GO;
-- -------------------------------------------------------------

COMMIT TRANSACTION;
GO

BEGIN TRANSACTION;

-- CREATE TABLE "DocumentType" ---------------------------------
CREATE TABLE [dbo].[DocumentType] ( 
	[Id] INT IDENTITY ( 1, 1 )  NOT NULL, 
	[Name] VARCHAR( 100 ) NOT NULL, 
	[Code] VARCHAR( 10 ) NOT NULL, 
	[DocumentCategoryId] INT NOT NULL, 
	[WarehouseId] INT NOT NULL, 
	[StockDirection] INT DEFAULT '((0))' NOT NULL, 
	[EditorType] INT DEFAULT '((0))' NOT NULL, 
	[PrintTemplate] VARCHAR( 200 ) NULL, 
	[PriceType] INT DEFAULT '((0))' NOT NULL, 
	[LanguageKey] VARCHAR( 100 ) NULL,
	PRIMARY KEY ( [Id] ) )
GO;
-- -------------------------------------------------------------

COMMIT TRANSACTION;
GO

BEGIN TRANSACTION;

-- CREATE TABLE "PaymentType" ----------------------------------
CREATE TABLE [dbo].[PaymentType] ( 
	[Id] INT IDENTITY ( 1, 1 )  NOT NULL, 
	[Name] NVARCHAR( 100 ) NOT NULL, 
	[Code] VARCHAR( 10 ) NULL, 
	[IsCustomerRequired] BIT DEFAULT '((0))' NOT NULL, 
	[IsFiscal] BIT DEFAULT '((1))' NOT NULL, 
	[IsSlipRequired] BIT DEFAULT '((0))' NOT NULL, 
	[IsChangeAllowed] BIT DEFAULT '((1))' NOT NULL, 
	[Ordinal] INT DEFAULT '((0))' NOT NULL, 
	[IsEnabled] BIT DEFAULT '((1))' NOT NULL, 
	[IsQuickPayment] BIT DEFAULT '((1))' NOT NULL, 
	[OpenCashDrawer] BIT DEFAULT '((1))' NOT NULL, 
	[ShortcutKey] VARCHAR( 10 ) NULL, 
	[MarkAsPaid] BIT DEFAULT '((1))' NOT NULL,
	PRIMARY KEY ( [Id] ) )
GO;
-- -------------------------------------------------------------

COMMIT TRANSACTION;
GO

BEGIN TRANSACTION;

-- CREATE TABLE "DocumentItemTax" ------------------------------
CREATE TABLE [dbo].[DocumentItemTax] ( 
	[DocumentItemId] INT NOT NULL, 
	[TaxId] INT NOT NULL, 
	[Amount] FLOAT DEFAULT '((0))' NOT NULL,
	PRIMARY KEY ( [DocumentItemId], [TaxId] ) )
GO;
-- -------------------------------------------------------------

COMMIT TRANSACTION;
GO

BEGIN TRANSACTION;

-- CREATE TABLE "Product" --------------------------------------
CREATE TABLE [dbo].[Product] ( 
	[Id] INT IDENTITY ( 1, 1 )  NOT NULL, 
	[Name] NVARCHAR( 100 ) NOT NULL, 
	[ProductGroupId] INT NULL, 
	[Code] VARCHAR( 100 ) NULL, 
	[Description] NVARCHAR( 300 ) NULL, 
	[PLU] INT NULL, 
	[MeasurementUnit] NVARCHAR( 10 ) NULL, 
	[Price] FLOAT DEFAULT '((0))' NOT NULL, 
	[IsTaxInclusivePrice] BIT DEFAULT '((1))' NOT NULL, 
	[IsPriceChangeAllowed] BIT DEFAULT '((0))' NOT NULL, 
	[IsService] BIT DEFAULT '((0))' NOT NULL, 
	[IsUsingDefaultQuantity] BIT DEFAULT '((1))' NOT NULL, 
	[Cost] FLOAT DEFAULT '((0))' NOT NULL, 
	[Margin] DECIMAL( 18, 4 ) DEFAULT '((0))' NOT NULL, 
	[Image] IMAGE NULL, 
	[Color] VARCHAR( 50 ) DEFAULT 'Transparent' NOT NULL, 
	[IsEnabled] BIT DEFAULT '((1))' NOT NULL, 
	[DateCreated] DATETIME NOT NULL, 
	[DateUpdated] DATETIME NOT NULL, 
	[AgeRestriction] INT NULL, 
	[LastPurchasePrice] FLOAT DEFAULT '((0))' NOT NULL, 
	[Rank] INT DEFAULT '((0))' NOT NULL,
	PRIMARY KEY ( [Id] ) )
GO;
-- -------------------------------------------------------------

COMMIT TRANSACTION;
GO

BEGIN TRANSACTION;

-- CREATE TABLE "StartingCash" ---------------------------------
CREATE TABLE [dbo].[StartingCash] ( 
	[Id] INT IDENTITY ( 1, 1 )  NOT NULL, 
	[UserId] INT NOT NULL, 
	[CashRegisterId] INT NULL, 
	[Amount] FLOAT NOT NULL, 
	[Description] NVARCHAR( 500 ) NULL, 
	[StartingCashType] INT NOT NULL, 
	[ZReportNumber] INT NULL, 
	[DateCreated] DATETIME NOT NULL,
	PRIMARY KEY ( [Id] ) )
GO;
-- -------------------------------------------------------------

COMMIT TRANSACTION;
GO

SET IDENTITY_INSERT [dbo].[Promotion] ON
GO
BEGIN TRANSACTION;

COMMIT TRANSACTION;

GO

SET IDENTITY_INSERT [dbo].[Promotion] OFF
GO
SET IDENTITY_INSERT [dbo].[Barcode] ON
GO
BEGIN TRANSACTION;
INSERT INTO [dbo].[Barcode] ([Id],[ProductId],[Value]) VALUES 
( 1,1,N'2209042230309' ),
( 2,2,N'2210201547268' ),
( 3,3,N'2211190727402' )
COMMIT TRANSACTION;

GO

SET IDENTITY_INSERT [dbo].[Barcode] OFF
GO
BEGIN TRANSACTION;
INSERT INTO [dbo].[ApplicationProperty] ([Name],[Value]) VALUES 
( N'Account.RefreshToken',N'8ec5465cdda44fdc8fa58aa81a96b82d' ),
( N'Application.Api.BaseUrl',N'https://api.aronium.com/api' ),
( N'Application.Id',N'9adadb33-01f8-4a53-a36d-7fbabab95ea6' ),
( N'Application.OnboardingStatus',N'2' ),
( N'Application.User.Email',N'daryabsb@gmail.com' ),
( N'Database.Backup.Version',N'1.38.2.0' ),
( N'GuidedTour.Layout.SearchBox',N'1' ),
( N'GuidedTour.Management.Customers.Add',N'1' ),
( N'GuidedTour.Management.Products',N'1' ),
( N'GuidedTour.Management.Products.Add',N'1' ),
( N'MovingAveragePrice.Enabled',N'False' )
COMMIT TRANSACTION;

GO

SET IDENTITY_INSERT [dbo].[FloorPlan] ON
GO
BEGIN TRANSACTION;
INSERT INTO [dbo].[FloorPlan] ([Id],[Name],[Color]) VALUES 
( 1,N'Main floor',N'Transparent' )
COMMIT TRANSACTION;

GO

SET IDENTITY_INSERT [dbo].[FloorPlan] OFF
GO
SET IDENTITY_INSERT [dbo].[ProductComment] ON
GO
BEGIN TRANSACTION;

COMMIT TRANSACTION;

GO

SET IDENTITY_INSERT [dbo].[ProductComment] OFF
GO
SET IDENTITY_INSERT [dbo].[PosOrderItem] ON
GO
BEGIN TRANSACTION;
INSERT INTO [dbo].[PosOrderItem] ([Id],[PosOrderId],[ProductId],[RoundNumber],[Quantity],[Price],[IsLocked],[Discount],[DiscountType],[IsFeatured],[VoidedBy],[Comment],[DateCreated],[Bundle]) VALUES 
( 16,13,1,1,1,180,N'1',0,0,N'0',NULL,NULL,N'2022-10-10 17:47:58.457',NULL ),
( 17,13,1,1,-1,180,N'1',0,0,N'0',NULL,NULL,N'2022-10-13 22:33:36.353',NULL ),
( 18,14,1,1,1,180,N'1',0,0,N'0',NULL,NULL,N'2022-10-19 18:50:53.803',NULL ),
( 19,13,1,2,1,180,N'1',0,0,N'0',NULL,NULL,N'2022-10-20 00:16:03.047',NULL ),
( 20,13,1,2,-1,180,N'1',0,0,N'0',NULL,NULL,N'2022-10-20 15:56:50.307',NULL ),
( 21,15,1,1,1,180,N'1',0,0,N'0',NULL,NULL,N'2022-11-08 22:59:19.960',NULL ),
( 22,15,2,1,1,183.75,N'1',0,0,N'0',NULL,NULL,N'2022-11-08 22:59:19.970',NULL ),
( 23,16,2,1,4,183.75,N'1',10,0,N'0',NULL,NULL,N'2022-11-17 06:13:46.793',NULL ),
( 24,17,2,1,1,183.75,N'1',0,0,N'0',NULL,NULL,N'2022-11-17 15:27:33.003',NULL ),
( 25,18,2,1,1,183.75,N'1',0,0,N'0',NULL,NULL,N'2022-11-18 10:38:18.457',NULL ),
( 26,15,1,1,-1,180,N'1',0,0,N'0',NULL,NULL,N'2022-11-19 06:54:41.847',NULL ),
( 27,15,2,1,-1,183.75,N'1',0,0,N'0',NULL,NULL,N'2022-11-19 06:54:41.857',NULL ),
( 28,15,2,2,1,192.9375,N'1',0,0,N'0',NULL,NULL,N'2022-11-21 07:26:11.043',NULL ),
( 29,18,2,1,-1,183.75,N'1',0,0,N'0',NULL,NULL,N'2022-11-21 07:26:58.190',NULL ),
( 30,13,1,3,1,179.998,N'1',10,0,N'0',NULL,NULL,N'2022-11-27 21:22:42.910',NULL ),
( 31,13,1,3,1,0,N'1',0,0,N'0',NULL,NULL,N'2022-11-27 21:22:42.940',NULL ),
( 32,13,1,3,-1,179.998,N'1',10,0,N'0',NULL,NULL,N'2022-11-30 22:51:08.273',NULL ),
( 33,13,1,3,-1,0,N'1',0,0,N'0',NULL,NULL,N'2022-11-30 22:51:08.283',NULL ),
( 34,14,1,1,-1,180,N'1',0,0,N'0',NULL,NULL,N'2022-12-01 12:25:52.867',NULL )
COMMIT TRANSACTION;

GO

SET IDENTITY_INSERT [dbo].[PosOrderItem] OFF
GO
SET IDENTITY_INSERT [dbo].[PosPrinterSelection] ON
GO
BEGIN TRANSACTION;
INSERT INTO [dbo].[PosPrinterSelection] ([Id],[CashRegisterId],[Key],[PrinterName],[IsEnabled]) VALUES 
( 1,1,N'ReceiptPrinter',NULL,N'0' ),
( 2,1,N'Estimate',NULL,N'0' ),
( 3,1,N'KitchenTicket',NULL,N'0' ),
( 4,1,N'Service',NULL,N'0' )
COMMIT TRANSACTION;

GO

SET IDENTITY_INSERT [dbo].[PosPrinterSelection] OFF
GO
SET IDENTITY_INSERT [dbo].[Document] ON
GO
BEGIN TRANSACTION;
INSERT INTO [dbo].[Document] ([Id],[Number],[UserId],[CustomerId],[CashRegisterId],[OrderNumber],[Date],[StockDate],[Total],[IsClockedOut],[DocumentTypeId],[WarehouseId],[ReferenceDocumentNumber],[InternalNote],[Note],[DueDate],[Discount],[DiscountType],[PaidStatus],[DateCreated],[DateUpdated],[DiscountApplyRule]) VALUES 
( 1,N'22-200-000001',1,1,1,N'1',N'2022-09-04',N'2022-09-04 23:20:48.093',180,N'0',2,1,NULL,NULL,NULL,N'2022-09-04',0,0,2,N'2022-09-04 23:20:48.093',N'2022-09-04 23:20:48.093',1 ),
( 2,N'22-200-000002',1,1,1,N'2',N'2022-10-03',N'2022-10-03 07:20:11.050',540,N'0',2,1,NULL,NULL,NULL,N'2022-10-03',0,0,2,N'2022-10-03 07:20:11.050',N'2022-10-03 07:20:11.050',1 ),
( 3,N'22-200-000003',1,1,1,N'4',N'2022-10-03',N'2022-10-03 07:26:09.920',180,N'0',2,1,NULL,NULL,NULL,N'2022-10-03',0,0,2,N'2022-10-03 07:26:09.920',N'2022-10-03 07:26:09.920',1 ),
( 4,N'22-200-000004',1,1,1,N'3',N'2022-10-03',N'2022-10-03 07:26:32.957',0,N'0',2,1,NULL,NULL,NULL,N'2022-10-03',0,0,2,N'2022-10-03 07:26:32.957',N'2022-10-03 07:26:32.957',1 ),
( 5,N'22-300-000001',1,1,NULL,NULL,N'2022-10-03',N'2022-10-03 07:31:06.427',0,N'0',3,1,NULL,N'Quick inventory 10/3/2022 7:31:06 AM',NULL,N'2022-10-03',0,0,0,N'2022-10-03 07:31:06.427',N'2022-10-03 07:31:06.427',0 ),
( 6,N'22-200-000005',1,1,1,N'6',N'2022-10-04',N'2022-10-04 20:25:08.543',180,N'0',2,1,NULL,NULL,NULL,N'2022-10-04',0,0,2,N'2022-10-04 20:25:08.543',N'2022-10-04 20:25:08.543',1 ),
( 7,N'22-200-000006',1,1,1,N'7',N'2022-10-07',N'2022-10-07 06:33:16.870',360,N'0',2,1,NULL,NULL,NULL,N'2022-10-07',0,0,2,N'2022-10-07 06:33:16.870',N'2022-10-07 06:33:16.870',1 ),
( 8,N'22-200-000007',1,1,1,N'8',N'2022-10-07',N'2022-10-07 06:35:05.003',360,N'0',2,1,NULL,NULL,NULL,N'2022-10-07',0,0,2,N'2022-10-07 06:35:05.003',N'2022-10-07 06:35:05.003',1 ),
( 9,N'22-200-000008',1,1,1,N'9',N'2022-10-07',N'2022-10-07 06:35:59.250',360,N'0',2,1,NULL,NULL,NULL,N'2022-10-07',0,0,2,N'2022-10-07 06:35:59.250',N'2022-10-07 06:35:59.250',1 ),
( 10,N'22-200-000009',1,1,1,N'10',N'2022-10-07',N'2022-10-07 07:44:27.163',0,N'0',2,1,NULL,NULL,NULL,N'2022-10-07',0,0,2,N'2022-10-07 07:44:27.163',N'2022-10-07 07:44:27.163',1 ),
( 11,N'22-200-000010',1,1,1,N'11',N'2022-10-09',N'2022-10-09 08:12:48.520',360,N'0',2,1,NULL,NULL,NULL,N'2022-10-09',0,0,2,N'2022-10-09 08:12:48.520',N'2022-10-09 08:12:48.520',1 ),
( 12,N'22-200-000011',1,1,1,N'12',N'2022-10-09',N'2022-10-09 08:15:33.703',180,N'0',2,1,NULL,NULL,NULL,N'2022-10-09',0,0,2,N'2022-10-09 08:15:33.703',N'2022-10-09 08:15:33.703',1 ),
( 13,N'22-200-000012',1,1,1,N'13',N'2022-10-09',N'2022-10-09 21:13:41.977',180,N'0',2,1,NULL,NULL,NULL,N'2022-10-09',0,0,2,N'2022-10-09 21:13:41.977',N'2022-10-09 21:13:41.977',1 )
COMMIT TRANSACTION;

GO

SET IDENTITY_INSERT [dbo].[Document] OFF
GO
SET IDENTITY_INSERT [dbo].[Country] ON
GO
BEGIN TRANSACTION;
INSERT INTO [dbo].[Country] ([Id],[Name],[Code]) VALUES 
( 1,N'Afghanistan',N'AF' ),
( 2,N'Albania',N'AL' ),
( 3,N'Algeria',N'DZ' ),
( 4,N'American Samoa',N'AS' ),
( 5,N'Andorra',N'AD' ),
( 6,N'Angola',N'AO' ),
( 7,N'Anguilla',N'AI' ),
( 8,N'Antarctica',N'AQ' ),
( 9,N'Antigua And Barbuda',N'AG' ),
( 10,N'Argentina',N'AR' ),
( 11,N'Armenia',N'AM' ),
( 12,N'Aruba',N'AW' ),
( 13,N'Australia',N'AU' ),
( 14,N'Austria',N'AT' ),
( 15,N'Azerbaijan',N'AZ' ),
( 16,N'Bahamas',N'BS' ),
( 17,N'Bahrain',N'BH' ),
( 18,N'Bangladesh',N'BD' ),
( 19,N'Barbados',N'BB' ),
( 20,N'Belarus',N'BY' ),
( 21,N'Belgium',N'BE' ),
( 22,N'Belize',N'BZ' ),
( 23,N'Benin',N'BJ' ),
( 24,N'Bermuda',N'BM' ),
( 25,N'Bhutan',N'BT' ),
( 26,N'Bolivia',N'BO' ),
( 27,N'Bosnia And Herzegovina',N'BA' ),
( 28,N'Botswana',N'BW' ),
( 29,N'Bouvet Island',N'BV' ),
( 30,N'Brazil',N'BR' ),
( 31,N'British Indian Ocean Territory',N'IO' ),
( 32,N'Brunei Darussalam',N'BN' ),
( 33,N'Bulgaria',N'BG' ),
( 34,N'Burkina Faso',N'BF' ),
( 35,N'Burundi',N'BI' ),
( 36,N'Cambodia',N'KH' ),
( 37,N'Cameroon',N'CM' ),
( 38,N'Canada',N'CA' ),
( 39,N'Cape Verde',N'CV' ),
( 40,N'Cayman Islands',N'KY' ),
( 41,N'Central African Republic',N'CF' ),
( 42,N'Chad',N'TD' ),
( 43,N'Chile',N'CL' ),
( 44,N'China',N'CN' ),
( 45,N'Christmas Island',N'CX' ),
( 46,N'Cocos (keeling) Islands',N'CC' ),
( 47,N'Colombia',N'CO' ),
( 48,N'Comoros',N'KM' ),
( 49,N'Congo',N'CG' ),
( 50,N'Congo, The Democratic Republic Of The',N'CD' ),
( 51,N'Cook Islands',N'CK' ),
( 52,N'Costa Rica',N'CR' ),
( 53,N'Cote D''ivoire',N'CI' ),
( 54,N'Croatia',N'HR' ),
( 55,N'Cuba',N'CU' ),
( 56,N'Cyprus',N'CY' ),
( 57,N'Czech Republic',N'CZ' ),
( 58,N'Denmark',N'DK' ),
( 59,N'Djibouti',N'DJ' ),
( 60,N'Dominica',N'DM' ),
( 61,N'Dominican Republic',N'DO' ),
( 62,N'East Timor',N'TP' ),
( 63,N'Ecuador',N'EC' ),
( 64,N'Egypt',N'EG' ),
( 65,N'El Salvador',N'SV' ),
( 66,N'Equatorial Guinea',N'GQ' ),
( 67,N'Eritrea',N'ER' ),
( 68,N'Estonia',N'EE' ),
( 69,N'Ethiopia',N'ET' ),
( 70,N'Falkland Islands (malvinas)',N'FK' ),
( 71,N'Faroe Islands',N'FO' ),
( 72,N'Fiji',N'FJ' ),
( 73,N'Finland',N'FI' ),
( 74,N'France',N'FR' ),
( 75,N'French Guiana',N'GF' ),
( 76,N'French Polynesia',N'PF' ),
( 77,N'French Southern Territories',N'TF' ),
( 78,N'Gabon',N'GA' ),
( 79,N'Gambia',N'GM' ),
( 80,N'Georgia',N'GE' ),
( 81,N'Germany',N'DE' ),
( 82,N'Ghana',N'GH' ),
( 83,N'Gibraltar',N'GI' ),
( 84,N'Greece',N'GR' ),
( 85,N'Greenland',N'GL' ),
( 86,N'Grenada',N'GD' ),
( 87,N'Guadeloupe',N'GP' ),
( 88,N'Guam',N'GU' ),
( 89,N'Guatemala',N'GT' ),
( 90,N'Guinea',N'GN' ),
( 91,N'Guinea-bissau',N'GW' ),
( 92,N'Guyana',N'GY' ),
( 93,N'Haiti',N'HT' ),
( 94,N'Heard Island And Mcdonald Islands',N'HM' ),
( 95,N'Holy See (vatican City State)',N'VA' ),
( 96,N'Honduras',N'HN' ),
( 97,N'Hong Kong',N'HK' ),
( 98,N'Hungary',N'HU' ),
( 99,N'Iceland',N'IS' ),
( 100,N'India',N'IN' ),
( 101,N'Indonesia',N'ID' ),
( 102,N'Iran, Islamic Republic Of',N'IR' ),
( 103,N'Iraq',N'IQ' ),
( 104,N'Ireland',N'IE' ),
( 105,N'Israel',N'IL' ),
( 106,N'Italy',N'IT' ),
( 107,N'Jamaica',N'JM' ),
( 108,N'Japan',N'JP' ),
( 109,N'Jordan',N'JO' ),
( 110,N'Kazakstan',N'KZ' ),
( 111,N'Kenya',N'KE' ),
( 112,N'Kiribati',N'KI' ),
( 113,N'Korea, Democratic People''s Republic Of',N'KP' ),
( 114,N'Korea, Republic Of',N'KR' ),
( 115,N'Kosovo',N'KV' ),
( 116,N'Kuwait',N'KW' ),
( 117,N'Kyrgyzstan',N'KG' ),
( 118,N'Lao People''s Democratic Republic',N'LA' ),
( 119,N'Latvia',N'LV' ),
( 120,N'Lebanon',N'LB' ),
( 121,N'Lesotho',N'LS' ),
( 122,N'Liberia',N'LR' ),
( 123,N'Libyan Arab Jamahiriya',N'LY' ),
( 124,N'Liechtenstein',N'LI' ),
( 125,N'Lithuania',N'LT' ),
( 126,N'Luxembourg',N'LU' ),
( 127,N'Macau',N'MO' ),
( 128,N'Macedonia, The Former Yugoslav Republic Of',N'MK' ),
( 129,N'Madagascar',N'MG' ),
( 130,N'Malawi',N'MW' ),
( 131,N'Malaysia',N'MY' ),
( 132,N'Maldives',N'MV' ),
( 133,N'Mali',N'ML' ),
( 134,N'Malta',N'MT' ),
( 135,N'Marshall Islands',N'MH' ),
( 136,N'Martinique',N'MQ' ),
( 137,N'Mauritania',N'MR' ),
( 138,N'Mauritius',N'MU' ),
( 139,N'Mayotte',N'YT' ),
( 140,N'Mexico',N'MX' ),
( 141,N'Micronesia, Federated States Of',N'FM' ),
( 142,N'Moldova, Republic Of',N'MD' ),
( 143,N'Monaco',N'MC' ),
( 144,N'Mongolia',N'MN' ),
( 145,N'Montserrat',N'MS' ),
( 146,N'Montenegro',N'ME' ),
( 147,N'Morocco',N'MA' ),
( 148,N'Mozambique',N'MZ' ),
( 149,N'Myanmar',N'MM' ),
( 150,N'Namibia',N'NA' ),
( 151,N'Nauru',N'NR' ),
( 152,N'Nepal',N'NP' ),
( 153,N'Netherlands',N'NL' ),
( 154,N'Netherlands Antilles',N'AN' ),
( 155,N'New Caledonia',N'NC' ),
( 156,N'New Zealand',N'NZ' ),
( 157,N'Nicaragua',N'NI' ),
( 158,N'Niger',N'NE' ),
( 159,N'Nigeria',N'NG' ),
( 160,N'Niue',N'NU' ),
( 161,N'Norfolk Island',N'NF' ),
( 162,N'Northern Mariana Islands',N'MP' ),
( 163,N'Norway',N'NO' ),
( 164,N'Oman',N'OM' ),
( 165,N'Pakistan',N'PK' ),
( 166,N'Palau',N'PW' ),
( 167,N'Palestinian Territory, Occupied',N'PS' ),
( 168,N'Panama',N'PA' ),
( 169,N'Papua New Guinea',N'PG' ),
( 170,N'Paraguay',N'PY' ),
( 171,N'Peru',N'PE' ),
( 172,N'Philippines',N'PH' ),
( 173,N'Pitcairn',N'PN' ),
( 174,N'Poland',N'PL' ),
( 175,N'Portugal',N'PT' ),
( 176,N'Puerto Rico',N'PR' ),
( 177,N'Qatar',N'QA' ),
( 178,N'Reunion',N'RE' ),
( 179,N'Romania',N'RO' ),
( 180,N'Russian Federation',N'RU' ),
( 181,N'Rwanda',N'RW' ),
( 182,N'Saint Helena',N'SH' ),
( 183,N'Saint Kitts And Nevis',N'KN' ),
( 184,N'Saint Lucia',N'LC' ),
( 185,N'Saint Pierre And Miquelon',N'PM' ),
( 186,N'Saint Vincent And The Grenadines',N'VC' ),
( 187,N'Samoa',N'WS' ),
( 188,N'San Marino',N'SM' ),
( 189,N'Sao Tome And Principe',N'ST' ),
( 190,N'Saudi Arabia',N'SA' ),
( 191,N'Senegal',N'SN' ),
( 192,N'Serbia',N'RS' ),
( 193,N'Seychelles',N'SC' ),
( 194,N'Sierra Leone',N'SL' ),
( 195,N'Singapore',N'SG' ),
( 196,N'Slovakia',N'SK' ),
( 197,N'Slovenia',N'SI' ),
( 198,N'Solomon Islands',N'SB' ),
( 199,N'Somalia',N'SO' ),
( 200,N'South Africa',N'ZA' ),
( 201,N'South Georgia And The South Sandwich Islands',N'GS' ),
( 202,N'Spain',N'ES' ),
( 203,N'Sri Lanka',N'LK' ),
( 204,N'Sudan',N'SD' ),
( 205,N'Suriname',N'SR' ),
( 206,N'Svalbard And Jan Mayen',N'SJ' ),
( 207,N'Swaziland',N'SZ' ),
( 208,N'Sweden',N'SE' ),
( 209,N'Switzerland',N'CH' ),
( 210,N'Syrian Arab Republic',N'SY' ),
( 211,N'Taiwan, Province Of China',N'TW' ),
( 212,N'Tajikistan',N'TJ' ),
( 213,N'Tanzania, United Republic Of',N'TZ' ),
( 214,N'Thailand',N'TH' ),
( 215,N'Togo',N'TG' ),
( 216,N'Tokelau',N'TK' ),
( 217,N'Tonga',N'TO' ),
( 218,N'Trinidad And Tobago',N'TT' ),
( 219,N'Tunisia',N'TN' ),
( 220,N'Turkey',N'TR' ),
( 221,N'Turkmenistan',N'TM' ),
( 222,N'Turks And Caicos Islands',N'TC' ),
( 223,N'Tuvalu',N'TV' ),
( 224,N'Uganda',N'UG' ),
( 225,N'Ukraine',N'UA' ),
( 226,N'United Arab Emirates',N'AE' ),
( 227,N'United Kingdom',N'GB' ),
( 228,N'United States',N'US' ),
( 229,N'United States Minor Outlying Islands',N'UM' ),
( 230,N'Uruguay',N'UY' ),
( 231,N'Uzbekistan',N'UZ' ),
( 232,N'Vanuatu',N'VU' ),
( 233,N'Venezuela',N'VE' ),
( 234,N'Viet Nam',N'VN' ),
( 235,N'Virgin Islands, British',N'VG' ),
( 236,N'Virgin Islands, U.s.',N'VI' ),
( 237,N'Wallis And Futuna',N'WF' ),
( 238,N'Western Sahara',N'EH' ),
( 239,N'Yemen',N'YE' ),
( 240,N'Zambia',N'ZM' ),
( 241,N'Zimbabwe',N'ZW' )
COMMIT TRANSACTION;

GO

SET IDENTITY_INSERT [dbo].[Country] OFF
GO
SET IDENTITY_INSERT [dbo].[PosOrder] ON
GO
BEGIN TRANSACTION;
INSERT INTO [dbo].[PosOrder] ([Id],[UserId],[Number],[Discount],[DiscountType],[Total]) VALUES 
( 13,1,N'12',0,0,0 ),
( 14,1,N'1',0,0,0 ),
( 15,1,N'16',0,0,192.9375 ),
( 16,1,N'17',10,0,595.35 ),
( 17,1,N'18',0,0,183.75 ),
( 18,1,N'A3',0,0,0 )
COMMIT TRANSACTION;

GO

SET IDENTITY_INSERT [dbo].[PosOrder] OFF
GO
SET IDENTITY_INSERT [dbo].[CustomerDiscount] ON
GO
BEGIN TRANSACTION;

COMMIT TRANSACTION;

GO

SET IDENTITY_INSERT [dbo].[CustomerDiscount] OFF
GO
SET IDENTITY_INSERT [dbo].[CashRegister] ON
GO
BEGIN TRANSACTION;
INSERT INTO [dbo].[CashRegister] ([Id],[Name]) VALUES 
( 1,N'POS 1' )
COMMIT TRANSACTION;

GO

SET IDENTITY_INSERT [dbo].[CashRegister] OFF
GO
SET IDENTITY_INSERT [dbo].[User] ON
GO
BEGIN TRANSACTION;
INSERT INTO [dbo].[User] ([Id],[FirstName],[LastName],[Email],[AccessLevel],[Username],[Password],[IsEnabled]) VALUES 
( 1,N'Darya',N'Ibrahim',N'daryabsb@gmail.com',9,NULL,N'',N'1' )
COMMIT TRANSACTION;

GO

SET IDENTITY_INSERT [dbo].[User] OFF
GO
SET IDENTITY_INSERT [dbo].[Company] ON
GO
BEGIN TRANSACTION;
INSERT INTO [dbo].[Company] ([Id],[Name],[Address],[PostalCode],[City],[CountryId],[TaxNumber],[Email],[PhoneNumber],[Logo],[BankAccountNumber],[BankDetails]) VALUES 
( 1,N'Fig Quality Technology',NULL,NULL,NULL,103,NULL,NULL,NULL,NULL,NULL,NULL )
COMMIT TRANSACTION;

GO

SET IDENTITY_INSERT [dbo].[Company] OFF
GO
SET IDENTITY_INSERT [dbo].[ZReport] ON
GO
BEGIN TRANSACTION;

COMMIT TRANSACTION;

GO

SET IDENTITY_INSERT [dbo].[ZReport] OFF
GO
SET IDENTITY_INSERT [dbo].[FloorPlanTable] ON
GO
BEGIN TRANSACTION;
INSERT INTO [dbo].[FloorPlanTable] ([Id],[Name],[FloorPlanId],[PositionX],[PositionY],[Width],[Height],[IsRound]) VALUES 
( 1,N'A1',1,180,180,216,132,N'1' ),
( 2,N'A2',1,160,10,120,120,N'0' ),
( 3,N'A3',1,320,10,120,120,N'0' )
COMMIT TRANSACTION;

GO

SET IDENTITY_INSERT [dbo].[FloorPlanTable] OFF
GO
SET IDENTITY_INSERT [dbo].[DocumentItem] ON
GO
BEGIN TRANSACTION;
INSERT INTO [dbo].[DocumentItem] ([Id],[DocumentId],[ProductId],[Quantity],[ExpectedQuantity],[PriceBeforeTax],[Discount],[DiscountType],[Price],[ProductCost],[PriceAfterDiscount],[Total],[PriceBeforeTaxAfterDiscount],[TotalAfterDocumentDiscount],[DiscountApplyRule]) VALUES 
( 1,1,1,1,0,180,0,0,180,180,180,180,180,180,1 ),
( 2,2,1,3,0,180,0,0,180,180,180,540,180,540,1 ),
( 3,3,1,1,0,180,0,0,180,180,180,180,180,180,1 ),
( 4,4,1,0,0,250,0,0,250,180,250,0,250,0,1 ),
( 5,5,1,2000,-5,180,0,0,180,180,180,360000,180,360000,0 ),
( 6,6,1,1,0,180,0,0,180,180,180,180,180,180,1 ),
( 7,7,1,2,0,180,0,0,180,180,180,360,180,360,1 ),
( 8,8,1,2,0,180,0,0,180,180,180,360,180,360,1 ),
( 9,9,1,2,0,180,0,0,180,180,180,360,180,360,1 ),
( 10,10,1,0,0,180,0,0,180,180,180,0,180,0,1 ),
( 11,11,1,2,0,180,0,0,180,180,180,360,180,360,1 ),
( 12,12,1,1,0,180,0,0,180,180,180,180,180,180,1 ),
( 13,13,1,1,0,180,0,0,180,180,180,180,180,180,1 )
COMMIT TRANSACTION;

GO

SET IDENTITY_INSERT [dbo].[DocumentItem] OFF
GO
SET IDENTITY_INSERT [dbo].[ProductGroup] ON
GO
BEGIN TRANSACTION;
INSERT INTO [dbo].[ProductGroup] ([Id],[Name],[ParentGroupId],[Color],[Image],[Rank]) VALUES 
( 1,N'Groceries',NULL,N'Transparent',NULL,0 )
COMMIT TRANSACTION;

GO

SET IDENTITY_INSERT [dbo].[ProductGroup] OFF
GO
SET IDENTITY_INSERT [dbo].[Migration] ON
GO
BEGIN TRANSACTION;
INSERT INTO [dbo].[Migration] ([ID],[Version],[Description],[FileName],[Module],[Date]) VALUES 
( 1,N'1.0',N'Multiple taxes',N'1_0__Multiple_taxes.sql',NULL,N'2022-09-04 22:28:40.127' ),
( 2,N'2.0',N'Add PrintBarcode column to printer settings',N'2_0__Add_PrintBarcode_column_to_printer_settings.sql',NULL,N'2022-09-04 22:28:40.150' ),
( 3,N'3.0',N'Change PosOrderItem Comment column type',N'3_0__Change_PosOrderItem_Comment_column_type.sql',NULL,N'2022-09-04 22:28:40.167' ),
( 4,N'4.0',N'Add ProductGroup Image column',N'4_0__Add_ProductGroup_Image_column.sql',NULL,N'2022-09-04 22:28:40.180' ),
( 5,N'5.0',N'Add DiscountApplyRule column',N'5_0__Add_DiscountApplyRule_column.sql',NULL,N'2022-09-04 22:28:40.200' ),
( 6,N'6.0',N'Change PosOrder Discount column',N'6_0__Change_PosOrder_Discount_column.sql',NULL,N'2022-09-04 22:28:40.227' ),
( 7,N'7.0',N'Add Proforma document type',N'7_0__Add_Proforma_document_type.sql',NULL,N'2022-09-04 22:28:40.240' ),
( 8,N'8.0',N'Change CustomerDiscounts Unique Index',N'8_0__Change_CustomerDiscounts_Unique_Index.sql',NULL,N'2022-09-04 22:28:40.297' ),
( 9,N'9.0',N'Change products code length',N'9_0__Change_products_code_length.sql',NULL,N'2022-09-04 22:28:40.303' ),
( 10,N'10.0',N'Add font size column to printer settings',N'10_0__Add_font_size_column_to_printer_settings.sql',NULL,N'2022-09-04 22:28:40.330' ),
( 11,N'11.0',N'Add product age restriction column',N'11_0__Add_product_age_restriction_column.sql',NULL,N'2022-09-04 22:28:40.350' ),
( 12,N'12.0',N'Add language key to document type',N'12_0__Add_language_key_to_document_type.sql',NULL,N'2022-09-04 22:28:40.447' ),
( 13,N'13.0',N'Add Document Payment index',N'13_0__Add_Document_Payment_index.sql',NULL,N'2022-09-04 22:28:40.470' ),
( 14,N'14.0',N'Add Product LastPurchasePrice column',N'14_0__Add_Product_LastPurchasePrice_column.sql',NULL,N'2022-09-04 22:28:40.480' ),
( 15,N'15.0',N'Use cost as default last purchase price',N'15_0__Use_cost_as_default_last_purchase_price.sql',NULL,N'2022-09-04 22:28:40.497' ),
( 16,N'16.0',N'Add Rank column',N'16_0__Add_Rank_column.sql',NULL,N'2022-09-04 22:28:40.507' ),
( 17,N'17.0',N'Add floor plan color column',N'17_0__Add_floor_plan_color_column.sql',NULL,N'2022-09-04 22:28:40.517' ),
( 18,N'18.0',N'Change MeasurementUnit column type',N'18_0__Change_MeasurementUnit_column_type.sql',NULL,N'2022-09-04 22:28:40.523' )
COMMIT TRANSACTION;

GO

SET IDENTITY_INSERT [dbo].[Migration] OFF
GO
SET IDENTITY_INSERT [dbo].[Stock] ON
GO
BEGIN TRANSACTION;
INSERT INTO [dbo].[Stock] ([Id],[ProductId],[WarehouseId],[Quantity]) VALUES 
( 1,1,1,1989 )
COMMIT TRANSACTION;

GO

SET IDENTITY_INSERT [dbo].[Stock] OFF
GO
SET IDENTITY_INSERT [dbo].[Tax] ON
GO
BEGIN TRANSACTION;
INSERT INTO [dbo].[Tax] ([Id],[Name],[Rate],[Code],[IsFixed],[IsTaxOnTotal],[IsEnabled],[Amount]) VALUES 
( 1,N'VAT',N'5',N'312',N'0',N'0',N'1',0 ),
( 2,N'Smoking restrictions',N'10',N'96666',N'0',N'0',N'1',0 )
COMMIT TRANSACTION;

GO

SET IDENTITY_INSERT [dbo].[Tax] OFF
GO
SET IDENTITY_INSERT [dbo].[PosPrinterSelectionSettings] ON
GO
BEGIN TRANSACTION;

COMMIT TRANSACTION;

GO

SET IDENTITY_INSERT [dbo].[PosPrinterSelectionSettings] OFF
GO
SET IDENTITY_INSERT [dbo].[Customer] ON
GO
BEGIN TRANSACTION;
INSERT INTO [dbo].[Customer] ([Id],[Code],[Name],[TaxNumber],[Address],[PostalCode],[City],[CountryId],[Email],[PhoneNumber],[IsEnabled],[IsCustomer],[IsSupplier],[DueDatePeriod],[DateCreated],[DateUpdated]) VALUES 
( 1,NULL,N'Unknown',NULL,NULL,NULL,NULL,NULL,NULL,NULL,N'1',N'1',N'1',0,N'2022-09-04 22:28:27.663',N'2022-09-04 22:28:27.663' ),
( 2,N'1258',N'Awy Zhian',NULL,N'Slemani, Kani sard',N'46001',N'Slemani',103,N'awyzhian@gmail.com',N'07701570615',N'1',N'0',N'1',0,N'2022-09-04 22:32:15.513',N'2022-09-04 22:32:15.513' )
COMMIT TRANSACTION;

GO

SET IDENTITY_INSERT [dbo].[Customer] OFF
GO
BEGIN TRANSACTION;
INSERT INTO [dbo].[Counter] ([Name],[Value]) VALUES 
( N'Document.200.2022',12 ),
( N'Document.300.2022',1 ),
( N'Receipt',18 )
COMMIT TRANSACTION;

GO

BEGIN TRANSACTION;

COMMIT TRANSACTION;

GO

SET IDENTITY_INSERT [dbo].[LoyaltyCard] ON
GO
BEGIN TRANSACTION;

COMMIT TRANSACTION;

GO

SET IDENTITY_INSERT [dbo].[LoyaltyCard] OFF
GO
BEGIN TRANSACTION;
INSERT INTO [dbo].[ProductTax] ([ProductId],[TaxId]) VALUES 
( 1,1 ),
( 1,2 ),
( 2,1 ),
( 3,1 ),
( 3,2 )
COMMIT TRANSACTION;

GO

SET IDENTITY_INSERT [dbo].[PromotionItem] ON
GO
BEGIN TRANSACTION;

COMMIT TRANSACTION;

GO

SET IDENTITY_INSERT [dbo].[PromotionItem] OFF
GO
BEGIN TRANSACTION;

COMMIT TRANSACTION;

GO

SET IDENTITY_INSERT [dbo].[Warehouse] ON
GO
BEGIN TRANSACTION;
INSERT INTO [dbo].[Warehouse] ([Id],[Name]) VALUES 
( 1,N'Warehouse' )
COMMIT TRANSACTION;

GO

SET IDENTITY_INSERT [dbo].[Warehouse] OFF
GO
SET IDENTITY_INSERT [dbo].[DocumentCategory] ON
GO
BEGIN TRANSACTION;
INSERT INTO [dbo].[DocumentCategory] ([Id],[Name],[LanguageKey]) VALUES 
( 1,N'Expenses',N'Document.Category.Expenses' ),
( 2,N'Sales',N'Document.Category.Sales' ),
( 3,N'Inventory',N'Document.Category.Inventory' ),
( 4,N'Loss and Damage',N'Document.Category.Loss' )
COMMIT TRANSACTION;

GO

SET IDENTITY_INSERT [dbo].[DocumentCategory] OFF
GO
SET IDENTITY_INSERT [dbo].[Payment] ON
GO
BEGIN TRANSACTION;
INSERT INTO [dbo].[Payment] ([Id],[DocumentId],[PaymentTypeId],[Amount],[Date]) VALUES 
( 1,1,1,180,N'2022-09-04' ),
( 2,2,1,540,N'2022-10-03' ),
( 3,3,1,180,N'2022-10-03' ),
( 4,4,1,0,N'2022-10-03' ),
( 5,6,1,180,N'2022-10-04' ),
( 6,7,1,360,N'2022-10-07' ),
( 7,8,1,360,N'2022-10-07' ),
( 8,9,1,360,N'2022-10-07' ),
( 9,10,1,0,N'2022-10-07' ),
( 10,11,2,360,N'2022-10-09' ),
( 11,12,1,180,N'2022-10-09' ),
( 12,13,1,180,N'2022-10-09' )
COMMIT TRANSACTION;

GO

SET IDENTITY_INSERT [dbo].[Payment] OFF
GO
SET IDENTITY_INSERT [dbo].[DocumentType] ON
GO
BEGIN TRANSACTION;
INSERT INTO [dbo].[DocumentType] ([Id],[Name],[Code],[DocumentCategoryId],[WarehouseId],[StockDirection],[EditorType],[PrintTemplate],[PriceType],[LanguageKey]) VALUES 
( 1,N'Purchase',N'100',1,1,1,0,N'Purchase',2,N'Document.Category.Expenses.Purchase' ),
( 2,N'Sales',N'200',2,1,2,0,N'Invoice',1,N'Document.Category.Sales.Sales' ),
( 3,N'Inventory Count',N'300',3,1,1,1,N'InventoryCount',0,N'Document.Category.Inventory.InventoryCount' ),
( 4,N'Refund',N'220',2,1,1,0,N'Refund',1,N'Document.Category.Sales.Refund' ),
( 5,N'Stock Return',N'120',1,1,2,0,N'StockReturn',2,N'Document.Category.Expenses.StockReturn' ),
( 6,N'Loss And Damage',N'400',4,1,2,2,N'LossAndDamage',0,N'Document.Category.Loss.LossAndDamage' ),
( 7,N'Proforma',N'230',2,1,0,0,N'Proforma',1,N'Document.Category.Sales.Proforma' )
COMMIT TRANSACTION;

GO

SET IDENTITY_INSERT [dbo].[DocumentType] OFF
GO
SET IDENTITY_INSERT [dbo].[PaymentType] ON
GO
BEGIN TRANSACTION;
INSERT INTO [dbo].[PaymentType] ([Id],[Name],[Code],[IsCustomerRequired],[IsFiscal],[IsSlipRequired],[IsChangeAllowed],[Ordinal],[IsEnabled],[IsQuickPayment],[OpenCashDrawer],[ShortcutKey],[MarkAsPaid]) VALUES 
( 1,N'Cash',NULL,N'0',N'1',N'0',N'1',1,N'1',N'1',N'1',NULL,N'1' ),
( 2,N'Credit Card',NULL,N'0',N'1',N'0',N'0',2,N'1',N'1',N'1',NULL,N'1' ),
( 3,N'Debit Card',NULL,N'0',N'1',N'0',N'0',3,N'1',N'1',N'1',NULL,N'1' ),
( 4,N'Check',NULL,N'0',N'1',N'0',N'0',4,N'1',N'1',N'1',NULL,N'1' ),
( 5,N'Voucher',NULL,N'0',N'1',N'0',N'0',5,N'1',N'1',N'1',NULL,N'1' ),
( 6,N'Gift Card',NULL,N'0',N'1',N'0',N'0',6,N'1',N'1',N'1',NULL,N'1' )
COMMIT TRANSACTION;

GO

SET IDENTITY_INSERT [dbo].[PaymentType] OFF
GO
BEGIN TRANSACTION;

COMMIT TRANSACTION;

GO

SET IDENTITY_INSERT [dbo].[Product] ON
GO
BEGIN TRANSACTION;
INSERT INTO [dbo].[Product] ([Id],[Name],[ProductGroupId],[Code],[Description],[PLU],[MeasurementUnit],[Price],[IsTaxInclusivePrice],[IsPriceChangeAllowed],[IsService],[IsUsingDefaultQuantity],[Cost],[Margin],[Image],[Color],[IsEnabled],[DateCreated],[DateUpdated],[AgeRestriction],[LastPurchasePrice],[Rank]) VALUES 
( 1,N'Zhian Water',1,N'1',NULL,1,N'bottle',180,N'0',N'1',N'0',N'1',180,N'0',,N'Transparent',N'1',N'2022-09-04 22:31:16.443',N'2022-11-19 06:56:43.927',NULL,0,0 ),
( 2,N'Damawand Biscuit',NULL,N'2',NULL,2,N'pc',183.75,N'0',N'0',N'0',N'1',175,N'5',NULL,N'Transparent',N'1',N'2022-10-20 15:47:53.180',N'2022-11-19 06:56:54.463',NULL,0,0 ),
( 3,N'Vape Smok',NULL,N'3',NULL,3,N'pack',0,N'0',N'0',N'0',N'1',0,N'0',NULL,N'Transparent',N'1',N'2022-11-19 07:45:14.503',N'2022-11-19 07:45:14.503',18,0,0 )
COMMIT TRANSACTION;

GO

SET IDENTITY_INSERT [dbo].[Product] OFF
GO
SET IDENTITY_INSERT [dbo].[StartingCash] ON
GO
BEGIN TRANSACTION;
INSERT INTO [dbo].[StartingCash] ([Id],[UserId],[CashRegisterId],[Amount],[Description],[StartingCashType],[ZReportNumber],[DateCreated]) VALUES 
( 1,1,1,150000,NULL,0,NULL,N'2022-10-03 07:30:10.400' ),
( 2,1,1,300000,NULL,0,NULL,N'2022-10-13 15:04:38.327' ),
( 3,1,1,120000,NULL,1,NULL,N'2022-10-13 15:04:54.837' )
COMMIT TRANSACTION;

GO

SET IDENTITY_INSERT [dbo].[StartingCash] OFF
GO
BEGIN TRANSACTION;

-- CREATE LINK "FK_Barcode_Product" ----------------------------
ALTER TABLE [dbo].[Barcode]
	ADD CONSTRAINT [FK_Barcode_Product]
	FOREIGN KEY ([ProductId])
	REFERENCES [dbo].[Product]( [Id] )
	ON DELETE Cascade
	ON UPDATE No Action
GO;
-- -------------------------------------------------------------

COMMIT TRANSACTION;
GO

BEGIN TRANSACTION;

-- CREATE LINK "FK_ProductComment_Product" ---------------------
ALTER TABLE [dbo].[ProductComment]
	ADD CONSTRAINT [FK_ProductComment_Product]
	FOREIGN KEY ([ProductId])
	REFERENCES [dbo].[Product]( [Id] )
	ON DELETE Cascade
	ON UPDATE No Action
GO;
-- -------------------------------------------------------------

COMMIT TRANSACTION;
GO

BEGIN TRANSACTION;

-- CREATE LINK "FK_PosOrderItem_PosOrder" ----------------------
ALTER TABLE [dbo].[PosOrderItem]
	ADD CONSTRAINT [FK_PosOrderItem_PosOrder]
	FOREIGN KEY ([PosOrderId])
	REFERENCES [dbo].[PosOrder]( [Id] )
	ON DELETE Cascade
	ON UPDATE No Action
GO;
-- -------------------------------------------------------------

COMMIT TRANSACTION;
GO

BEGIN TRANSACTION;

-- CREATE LINK "FK_PosOrderItem_Product" -----------------------
ALTER TABLE [dbo].[PosOrderItem]
	ADD CONSTRAINT [FK_PosOrderItem_Product]
	FOREIGN KEY ([ProductId])
	REFERENCES [dbo].[Product]( [Id] )
	ON DELETE No Action
	ON UPDATE No Action
GO;
-- -------------------------------------------------------------

COMMIT TRANSACTION;
GO

BEGIN TRANSACTION;

-- CREATE LINK "FK_PosPrinterSelection_CashRegister" -----------
ALTER TABLE [dbo].[PosPrinterSelection]
	ADD CONSTRAINT [FK_PosPrinterSelection_CashRegister]
	FOREIGN KEY ([CashRegisterId])
	REFERENCES [dbo].[CashRegister]( [Id] )
	ON DELETE Cascade
	ON UPDATE No Action
GO;
-- -------------------------------------------------------------

COMMIT TRANSACTION;
GO

BEGIN TRANSACTION;

-- CREATE LINK "FK_Document_CashRegister" ----------------------
ALTER TABLE [dbo].[Document]
	ADD CONSTRAINT [FK_Document_CashRegister]
	FOREIGN KEY ([CashRegisterId])
	REFERENCES [dbo].[CashRegister]( [Id] )
	ON DELETE No Action
	ON UPDATE No Action
GO;
-- -------------------------------------------------------------

COMMIT TRANSACTION;
GO

BEGIN TRANSACTION;

-- CREATE LINK "FK_Document_Customer" --------------------------
ALTER TABLE [dbo].[Document]
	ADD CONSTRAINT [FK_Document_Customer]
	FOREIGN KEY ([CustomerId])
	REFERENCES [dbo].[Customer]( [Id] )
	ON DELETE No Action
	ON UPDATE No Action
GO;
-- -------------------------------------------------------------

COMMIT TRANSACTION;
GO

BEGIN TRANSACTION;

-- CREATE LINK "FK_Document_DocumentType" ----------------------
ALTER TABLE [dbo].[Document]
	ADD CONSTRAINT [FK_Document_DocumentType]
	FOREIGN KEY ([DocumentTypeId])
	REFERENCES [dbo].[DocumentType]( [Id] )
	ON DELETE No Action
	ON UPDATE No Action
GO;
-- -------------------------------------------------------------

COMMIT TRANSACTION;
GO

BEGIN TRANSACTION;

-- CREATE LINK "FK_Document_User" ------------------------------
ALTER TABLE [dbo].[Document]
	ADD CONSTRAINT [FK_Document_User]
	FOREIGN KEY ([UserId])
	REFERENCES [dbo].[User]( [Id] )
	ON DELETE No Action
	ON UPDATE No Action
GO;
-- -------------------------------------------------------------

COMMIT TRANSACTION;
GO

BEGIN TRANSACTION;

-- CREATE LINK "FK_Document_Warehouse" -------------------------
ALTER TABLE [dbo].[Document]
	ADD CONSTRAINT [FK_Document_Warehouse]
	FOREIGN KEY ([WarehouseId])
	REFERENCES [dbo].[Warehouse]( [Id] )
	ON DELETE No Action
	ON UPDATE No Action
GO;
-- -------------------------------------------------------------

COMMIT TRANSACTION;
GO

BEGIN TRANSACTION;

-- CREATE LINK "FK_PosOrder_User" ------------------------------
ALTER TABLE [dbo].[PosOrder]
	ADD CONSTRAINT [FK_PosOrder_User]
	FOREIGN KEY ([UserId])
	REFERENCES [dbo].[User]( [Id] )
	ON DELETE No Action
	ON UPDATE No Action
GO;
-- -------------------------------------------------------------

COMMIT TRANSACTION;
GO

BEGIN TRANSACTION;

-- CREATE LINK "FK_CustomerDiscount_Customer" ------------------
ALTER TABLE [dbo].[CustomerDiscount]
	ADD CONSTRAINT [FK_CustomerDiscount_Customer]
	FOREIGN KEY ([CustomerId])
	REFERENCES [dbo].[Customer]( [Id] )
	ON DELETE Cascade
	ON UPDATE No Action
GO;
-- -------------------------------------------------------------

COMMIT TRANSACTION;
GO

BEGIN TRANSACTION;

-- CREATE LINK "FK_Company_Country" ----------------------------
ALTER TABLE [dbo].[Company]
	ADD CONSTRAINT [FK_Company_Country]
	FOREIGN KEY ([CountryId])
	REFERENCES [dbo].[Country]( [Id] )
	ON DELETE Set NULL
	ON UPDATE No Action
GO;
-- -------------------------------------------------------------

COMMIT TRANSACTION;
GO

BEGIN TRANSACTION;

-- CREATE LINK "FK_ZReport_CashRegister" -----------------------
ALTER TABLE [dbo].[ZReport]
	ADD CONSTRAINT [FK_ZReport_CashRegister]
	FOREIGN KEY ([CashRegisterId])
	REFERENCES [dbo].[CashRegister]( [Id] )
	ON DELETE Cascade
	ON UPDATE No Action
GO;
-- -------------------------------------------------------------

COMMIT TRANSACTION;
GO

BEGIN TRANSACTION;

-- CREATE LINK "FK_FloorPlanTable_FloorPlan" -------------------
ALTER TABLE [dbo].[FloorPlanTable]
	ADD CONSTRAINT [FK_FloorPlanTable_FloorPlan]
	FOREIGN KEY ([FloorPlanId])
	REFERENCES [dbo].[FloorPlan]( [Id] )
	ON DELETE Cascade
	ON UPDATE No Action
GO;
-- -------------------------------------------------------------

COMMIT TRANSACTION;
GO

BEGIN TRANSACTION;

-- CREATE LINK "FK_DocumentItem_Document" ----------------------
ALTER TABLE [dbo].[DocumentItem]
	ADD CONSTRAINT [FK_DocumentItem_Document]
	FOREIGN KEY ([DocumentId])
	REFERENCES [dbo].[Document]( [Id] )
	ON DELETE Cascade
	ON UPDATE No Action
GO;
-- -------------------------------------------------------------

COMMIT TRANSACTION;
GO

BEGIN TRANSACTION;

-- CREATE LINK "FK_DocumentItem_Product" -----------------------
ALTER TABLE [dbo].[DocumentItem]
	ADD CONSTRAINT [FK_DocumentItem_Product]
	FOREIGN KEY ([ProductId])
	REFERENCES [dbo].[Product]( [Id] )
	ON DELETE No Action
	ON UPDATE No Action
GO;
-- -------------------------------------------------------------

COMMIT TRANSACTION;
GO

BEGIN TRANSACTION;

-- CREATE LINK "FK_Stock_Product" ------------------------------
ALTER TABLE [dbo].[Stock]
	ADD CONSTRAINT [FK_Stock_Product]
	FOREIGN KEY ([ProductId])
	REFERENCES [dbo].[Product]( [Id] )
	ON DELETE Cascade
	ON UPDATE No Action
GO;
-- -------------------------------------------------------------

COMMIT TRANSACTION;
GO

BEGIN TRANSACTION;

-- CREATE LINK "FK_Stock_Warehouse" ----------------------------
ALTER TABLE [dbo].[Stock]
	ADD CONSTRAINT [FK_Stock_Warehouse]
	FOREIGN KEY ([WarehouseId])
	REFERENCES [dbo].[Warehouse]( [Id] )
	ON DELETE Cascade
	ON UPDATE No Action
GO;
-- -------------------------------------------------------------

COMMIT TRANSACTION;
GO

BEGIN TRANSACTION;

-- CREATE LINK "FK_PosPrinterSelectionSettings_PosPrinterSelection" 
ALTER TABLE [dbo].[PosPrinterSelectionSettings]
	ADD CONSTRAINT [FK_PosPrinterSelectionSettings_PosPrinterSelection]
	FOREIGN KEY ([PosPrinterSelectionId])
	REFERENCES [dbo].[PosPrinterSelection]( [Id] )
	ON DELETE Cascade
	ON UPDATE No Action
GO;
-- -------------------------------------------------------------

COMMIT TRANSACTION;
GO

BEGIN TRANSACTION;

-- CREATE LINK "FK_Customer_Country" ---------------------------
ALTER TABLE [dbo].[Customer]
	ADD CONSTRAINT [FK_Customer_Country]
	FOREIGN KEY ([CountryId])
	REFERENCES [dbo].[Country]( [Id] )
	ON DELETE Set NULL
	ON UPDATE No Action
GO;
-- -------------------------------------------------------------

COMMIT TRANSACTION;
GO

BEGIN TRANSACTION;

-- CREATE LINK "FK_LoyaltyCard_Customer" -----------------------
ALTER TABLE [dbo].[LoyaltyCard]
	ADD CONSTRAINT [FK_LoyaltyCard_Customer]
	FOREIGN KEY ([CustomerId])
	REFERENCES [dbo].[Customer]( [Id] )
	ON DELETE Cascade
	ON UPDATE No Action
GO;
-- -------------------------------------------------------------

COMMIT TRANSACTION;
GO

BEGIN TRANSACTION;

-- CREATE LINK "FK_ProductTax_Product" -------------------------
ALTER TABLE [dbo].[ProductTax]
	ADD CONSTRAINT [FK_ProductTax_Product]
	FOREIGN KEY ([ProductId])
	REFERENCES [dbo].[Product]( [Id] )
	ON DELETE Cascade
	ON UPDATE No Action
GO;
-- -------------------------------------------------------------

COMMIT TRANSACTION;
GO

BEGIN TRANSACTION;

-- CREATE LINK "FK_ProductTax_Tax" -----------------------------
ALTER TABLE [dbo].[ProductTax]
	ADD CONSTRAINT [FK_ProductTax_Tax]
	FOREIGN KEY ([TaxId])
	REFERENCES [dbo].[Tax]( [Id] )
	ON DELETE No Action
	ON UPDATE No Action
GO;
-- -------------------------------------------------------------

COMMIT TRANSACTION;
GO

BEGIN TRANSACTION;

-- CREATE LINK "FK_PromotionItem_Promotion" --------------------
ALTER TABLE [dbo].[PromotionItem]
	ADD CONSTRAINT [FK_PromotionItem_Promotion]
	FOREIGN KEY ([PromotionId])
	REFERENCES [dbo].[Promotion]( [Id] )
	ON DELETE Cascade
	ON UPDATE No Action
GO;
-- -------------------------------------------------------------

COMMIT TRANSACTION;
GO

BEGIN TRANSACTION;

-- CREATE LINK "FK_Payment_Document" ---------------------------
ALTER TABLE [dbo].[Payment]
	ADD CONSTRAINT [FK_Payment_Document]
	FOREIGN KEY ([DocumentId])
	REFERENCES [dbo].[Document]( [Id] )
	ON DELETE Cascade
	ON UPDATE No Action
GO;
-- -------------------------------------------------------------

COMMIT TRANSACTION;
GO

BEGIN TRANSACTION;

-- CREATE LINK "FK_Payment_PaymentType" ------------------------
ALTER TABLE [dbo].[Payment]
	ADD CONSTRAINT [FK_Payment_PaymentType]
	FOREIGN KEY ([PaymentTypeId])
	REFERENCES [dbo].[PaymentType]( [Id] )
	ON DELETE No Action
	ON UPDATE No Action
GO;
-- -------------------------------------------------------------

COMMIT TRANSACTION;
GO

BEGIN TRANSACTION;

-- CREATE LINK "FK_DocumentType_DocumentCategory" --------------
ALTER TABLE [dbo].[DocumentType]
	ADD CONSTRAINT [FK_DocumentType_DocumentCategory]
	FOREIGN KEY ([DocumentCategoryId])
	REFERENCES [dbo].[DocumentCategory]( [Id] )
	ON DELETE No Action
	ON UPDATE No Action
GO;
-- -------------------------------------------------------------

COMMIT TRANSACTION;
GO

BEGIN TRANSACTION;

-- CREATE LINK "FK_DocumentType_Warehouse" ---------------------
ALTER TABLE [dbo].[DocumentType]
	ADD CONSTRAINT [FK_DocumentType_Warehouse]
	FOREIGN KEY ([WarehouseId])
	REFERENCES [dbo].[Warehouse]( [Id] )
	ON DELETE No Action
	ON UPDATE No Action
GO;
-- -------------------------------------------------------------

COMMIT TRANSACTION;
GO

BEGIN TRANSACTION;

-- CREATE LINK "FK_DocumentItemTax_Tax" ------------------------
ALTER TABLE [dbo].[DocumentItemTax]
	ADD CONSTRAINT [FK_DocumentItemTax_Tax]
	FOREIGN KEY ([TaxId])
	REFERENCES [dbo].[Tax]( [Id] )
	ON DELETE No Action
	ON UPDATE No Action
GO;
-- -------------------------------------------------------------

COMMIT TRANSACTION;
GO

BEGIN TRANSACTION;

-- CREATE LINK "FK_DocumentItemTax_DocumentItem" ---------------
ALTER TABLE [dbo].[DocumentItemTax]
	ADD CONSTRAINT [FK_DocumentItemTax_DocumentItem]
	FOREIGN KEY ([DocumentItemId])
	REFERENCES [dbo].[DocumentItem]( [Id] )
	ON DELETE Cascade
	ON UPDATE No Action
GO;
-- -------------------------------------------------------------

COMMIT TRANSACTION;
GO

BEGIN TRANSACTION;

-- CREATE LINK "FK_Product_ProductGroup" -----------------------
ALTER TABLE [dbo].[Product]
	ADD CONSTRAINT [FK_Product_ProductGroup]
	FOREIGN KEY ([ProductGroupId])
	REFERENCES [dbo].[ProductGroup]( [Id] )
	ON DELETE Cascade
	ON UPDATE No Action
GO;
-- -------------------------------------------------------------

COMMIT TRANSACTION;
GO

BEGIN TRANSACTION;

-- CREATE LINK "FK_StartingCash_User" --------------------------
ALTER TABLE [dbo].[StartingCash]
	ADD CONSTRAINT [FK_StartingCash_User]
	FOREIGN KEY ([UserId])
	REFERENCES [dbo].[User]( [Id] )
	ON DELETE No Action
	ON UPDATE No Action
GO;
-- -------------------------------------------------------------

COMMIT TRANSACTION;
GO

BEGIN TRANSACTION;

-- CREATE LINK "FK_StartingCash_CashRegister" ------------------
ALTER TABLE [dbo].[StartingCash]
	ADD CONSTRAINT [FK_StartingCash_CashRegister]
	FOREIGN KEY ([CashRegisterId])
	REFERENCES [dbo].[CashRegister]( [Id] )
	ON DELETE No Action
	ON UPDATE No Action
GO;
-- -------------------------------------------------------------

COMMIT TRANSACTION;
GO

